MMEN,1t1,Perimeter,Square,Basic,,,,
MMEN,1t2,Perimeter,Rectangle,Basic,,,,
MMEN,1t3,Perimeter,Triangle,Basic,,,,
MMEN,1t4,Perimeter,Polygon,Basic,,,,
MMEN,2t1,Perimeter,Equilateral Triangle,Concept,,,,
MMEN,2t2,Perimeter,Isosceles Triangle,Concept,,,,
MMEN,2t3,Perimeter,Square,Concept,,,,
MMEN,2t4,Perimeter,Rectangle,Concept,,,,
MMEN,3t1,Perimeter,Rectangle,Square,Multi- concept,,,
MMEN,3t2,Perimeter,Polygon,Equilateral Triangle,Multi- concept,,,
MMEN,3t3,Perimeter,Rectangle,Cost of fencing,Unit application,Multi- concept,,
MMEN,4t1,Area,Square,Basic,,,,
MMEN,4t2,Area,Rectangle,Basic,,,,
MMEN,4t3,Area,Perimeter,Square,Concept,,,
MMEN,4t4,Area,Rectangle,One variable equations,Power multiplication,Square Root calculation,Multi- concept,
MMEN,4t5,Perimeter ,Square,Cost of tiling,Unit application,Multi- concept,,
MMEN,4t6,Square,Rectangle,Area,Multi- concept,,,
MMEN,4t7,Area,Rectangle,Perimeter,One variable equations,Power multiplication,Square Root calculation,Multi- concept
MMEN,5t1,Area,Rectangle,Complex derived shapes,Visualisation,Concept,,
MMEN,5t2,Area,Rectangle,Complex derived shapes,Visualisation,Cost of tiling,Concept,
MMEN,5t3,Area,Rectangle,Concept,,,,
MMEN,5t4,Area,Rectangle,Square,Complex derived shapes,Visualisation,Concept,
MMEN,5t5,Area,Rectangle,Square,Complex derived shapes,Visualisation,Concept,
MMEN,5t6,Area,Rectangle,Square,Complex derived shapes,Visualisation,Concept,
MSI,1t1,Simple Interest,Principal,Percentage to Fraction,Basic,,,
MSI,1t2,Simple Interest,Rate,Percentage to Fraction,Basic,,,
MSI,1t3,Simple Interest,Interest,Percentage to Fraction,Basic,,,
MSI,1t4,Simple Interest,Time,Percentage to Fraction,Basic,,,
MSI,1t5,Simple Interest,Amount,Percentage to Fraction,Basic,,,
MSI,3t1,Simple Interest,Rate,Percentage to Fraction,Concept,,,
MSI,3t2,Simple Interest,Time,Percentage to Fraction,Concept,,,
MSI,3t3,Simple Interest,Amount,Percentage to Fraction,Concept,,,
MSI,4t1,Simple Interest,Cross Multiplication,Concept,,,,
MSI,4t2,Simple Interest,One variable equations,Concept,,,,
MRAP,1t1,Ratio,Fraction,HCF,Division,Basic,,
MRAP,1t2,Ratio,Decimal fractions,HCF,Division,Basic,,
MRAP,1t3,Ratio,Fraction,HCF,Division,Basic,,
MRAP,2t1,Ratio,Ratio multiple numbers,HCF,Fractions,Division,Concept,
MRAP,2t2,Ratio,Ratio multiple numbers,HCF,Fractions,Division,Concept,
MRAP,2t3,Ratio multiple numbers,HCF,Proportion,Concept,,,
MRAP,2t4,Ratio,Fraction,HCF,Division,Basic,,
MRAP,2t5,Ratio,Fraction,HCF,Division,Unit conversion,Concept,
MRAP,3t1,Proportion,HCF,Fraction,Cross multiplication,Fraction multiplication,Concept,
MRAP,3t2,Proportion,HCF,Fraction,Cross multiplication,Fraction multiplication,Concept,
MRAP,3t3,Proportion,HCF,Fraction,Cross multiplication,Fraction multiplication,Concept,
MRAP,3t4,Proportion,HCF,Fraction,Cross multiplication,Fraction multiplication,Concept,
MRAP,4t1,Ratio,One variable equations,Rectangle,Perimeter,Multi- concept,,
MRAP,4t2,Ratio,Speed,HCF,Fraction,Multi- concept,,
MRAP,4t3,Ratio multiple numbers,One variable equations,HCF,Fraction,Multi- concept,,
MRAP,4t4,Ratio,Unit conversion,HCF,Fraction,Multi- concept,,
MAlg,1t1,Algebra,Simplifying Expressions,,,,,